<?xml version="1.0" encoding="utf-8" ?><dwsync><file name="SimplePeople_BeachBabe_White.png" server="Macintosh HD/Library/WebServer/Documents/niksgames.com/" local="3612238240" remote="3612238240" Dst="-1" /><file name="SimplePeople_Punk_White.png" server="Macintosh HD/Library/WebServer/Documents/niksgames.com/" local="3612238230" remote="3612238230" Dst="-1" /><file name="SimplePeople_Robber_White.png" server="Macintosh HD/Library/WebServer/Documents/niksgames.com/" local="3612238192" remote="3612238192" Dst="-1" /><file name="SimplePeople_Hobo_Brown.png" server="Macintosh HD/Library/WebServer/Documents/niksgames.com/" local="3612238196" remote="3612238196" Dst="-1" /><file name="SimplePeople_StreetMan_Black.png" server="Macintosh HD/Library/WebServer/Documents/niksgames.com/" local="3612238160" remote="3612238160" Dst="-1" /><file name="SimplePeople_HouseWife_White.png" server="Macintosh HD/Library/WebServer/Documents/niksgames.com/" local="3612238194" remote="3612238194" Dst="-1" /><file name="SimplePeople_Prostitute_White.png" server="Macintosh HD/Library/WebServer/Documents/niksgames.com/" local="3612238184" remote="3612238184" Dst="-1" /><file name="SimplePeople_Prostitute_Brown.png" server="Macintosh HD/Library/WebServer/Documents/niksgames.com/" local="3612238186" remote="3612238186" Dst="-1" /><file name="SimplePeople_HouseWife_Brown.png" server="Macintosh HD/Library/WebServer/Documents/niksgames.com/" local="3612238228" remote="3612238228" Dst="-1" /><file name="SimplePeople_Robber_Brown.png" server="Macintosh HD/Library/WebServer/Documents/niksgames.com/" local="3612238166" remote="3612238166" Dst="-1" /><file name="SimplePeople_BeachBabe_Brown.png" server="Macintosh HD/Library/WebServer/Documents/niksgames.com/" local="3612238222" remote="3612238222" Dst="-1" /><file name="SimplePeople_Punk_Brown.png" server="Macintosh HD/Library/WebServer/Documents/niksgames.com/" local="3612238230" remote="3612238230" Dst="-1" /><file name="SimplePeople_Hobo_White.png" server="Macintosh HD/Library/WebServer/Documents/niksgames.com/" local="3612238222" remote="3612238222" Dst="-1" /><file name="SimplePeople_FireFighter_White.png" server="Macintosh HD/Library/WebServer/Documents/niksgames.com/" local="3612238222" remote="3612238222" Dst="-1" /><file name="SimplePeople_Policeman_Brown.png" server="Macintosh HD/Library/WebServer/Documents/niksgames.com/" local="3612238198" remote="3612238198" Dst="-1" /><file name="SimplePeople_RiotCop_Brown.png" server="Macintosh HD/Library/WebServer/Documents/niksgames.com/" local="3612238186" remote="3612238186" Dst="-1" /><file name="SimplePeople_Pimp_White.png" server="Macintosh HD/Library/WebServer/Documents/niksgames.com/" local="3612238188" remote="3612238188" Dst="-1" /><file name="SimplePeople_Redneck_Brown.png" server="Macintosh HD/Library/WebServer/Documents/niksgames.com/" local="3612238206" remote="3612238206" Dst="-1" /><file name="SimplePeople_RoadWorker_Black.png" server="Macintosh HD/Library/WebServer/Documents/niksgames.com/" local="3612238216" remote="3612238216" Dst="-1" /><file name="SimplePeople_Waitress_White.png" server="Macintosh HD/Library/WebServer/Documents/niksgames.com/" local="3612238242" remote="3612238242" Dst="-1" /><file name="SimplePeople_Doctor_Black.png" server="Macintosh HD/Library/WebServer/Documents/niksgames.com/" local="3612238156" remote="3612238156" Dst="-1" /><file name="SimplePeople_Sheriff_White.png" server="Macintosh HD/Library/WebServer/Documents/niksgames.com/" local="3612238204" remote="3612238204" Dst="-1" /><file name="SimplePeople_Redneck_White.png" server="Macintosh HD/Library/WebServer/Documents/niksgames.com/" local="3612238174" remote="3612238174" Dst="-1" /><file name="SimplePeople_Sheriff_Brown.png" server="Macintosh HD/Library/WebServer/Documents/niksgames.com/" local="3612238220" remote="3612238220" Dst="-1" /><file name="SimplePeople_Waitress_Brown.png" server="Macintosh HD/Library/WebServer/Documents/niksgames.com/" local="3612238156" remote="3612238156" Dst="-1" /><file name="SimplePeople_BusinessMan_Black.png" server="Macintosh HD/Library/WebServer/Documents/niksgames.com/" local="3612238214" remote="3612238214" Dst="-1" /><file name="SimplePeople_FireFighter_Brown.png" server="Macintosh HD/Library/WebServer/Documents/niksgames.com/" local="3612238212" remote="3612238212" Dst="-1" /><file name="SimplePeople_Pimp_Brown.png" server="Macintosh HD/Library/WebServer/Documents/niksgames.com/" local="3612238224" remote="3612238224" Dst="-1" /><file name="SimplePeople_RiotCop_White.png" server="Macintosh HD/Library/WebServer/Documents/niksgames.com/" local="3612238196" remote="3612238196" Dst="-1" /><file name="SimplePeople_Policeman_White.png" server="Macintosh HD/Library/WebServer/Documents/niksgames.com/" local="3612238176" remote="3612238176" Dst="-1" /><file name="SimplePeople_Punk_Black.png" server="Macintosh HD/Library/WebServer/Documents/niksgames.com/" local="3612238224" remote="3612238224" Dst="-1" /><file name="SimplePeople_BeachBabe_Black.png" server="Macintosh HD/Library/WebServer/Documents/niksgames.com/" local="3612238180" remote="3612238180" Dst="-1" /><file name="SimplePeople_Robber_Black.png" server="Macintosh HD/Library/WebServer/Documents/niksgames.com/" local="3612238178" remote="3612238178" Dst="-1" /><file name="SimplePeople_StreetMan_White.png" server="Macintosh HD/Library/WebServer/Documents/niksgames.com/" local="3612238170" remote="3612238170" Dst="-1" /><file name="SimplePeople_HouseWife_Black.png" server="Macintosh HD/Library/WebServer/Documents/niksgames.com/" local="3612238226" remote="3612238226" Dst="-1" /><file name="SimplePeople_Prostitute_Black.png" server="Macintosh HD/Library/WebServer/Documents/niksgames.com/" local="3612238220" remote="3612238220" Dst="-1" /><file name="SimplePeople_StreetMan_Brown.png" server="Macintosh HD/Library/WebServer/Documents/niksgames.com/" local="3612238244" remote="3612238244" Dst="-1" /><file name="SimplePeople_Hobo_Black.png" server="Macintosh HD/Library/WebServer/Documents/niksgames.com/" local="3612238182" remote="3612238182" Dst="-1" /><file name="SimplePeople_FireFighter_Black.png" server="Macintosh HD/Library/WebServer/Documents/niksgames.com/" local="3612238166" remote="3612238166" Dst="-1" /><file name="SimplePeople_BusinessMan_Brown.png" server="Macintosh HD/Library/WebServer/Documents/niksgames.com/" local="3612238190" remote="3612238190" Dst="-1" /><file name="SimplePeople_Pimp_Black.png" server="Macintosh HD/Library/WebServer/Documents/niksgames.com/" local="3612238188" remote="3612238188" Dst="-1" /><file name="SimplePeople_RoadWorker_White.png" server="Macintosh HD/Library/WebServer/Documents/niksgames.com/" local="3612238158" remote="3612238158" Dst="-1" /><file name="SimplePeople_Doctor_White.png" server="Macintosh HD/Library/WebServer/Documents/niksgames.com/" local="3612238252" remote="3612238252" Dst="-1" /><file name="SimplePeople_Waitress_Black.png" server="Macintosh HD/Library/WebServer/Documents/niksgames.com/" local="3612238172" remote="3612238172" Dst="-1" /><file name="SimplePeople_Sheriff_Black.png" server="Macintosh HD/Library/WebServer/Documents/niksgames.com/" local="3612238212" remote="3612238212" Dst="-1" /><file name="SimplePeople_RoadWorker_Brown.png" server="Macintosh HD/Library/WebServer/Documents/niksgames.com/" local="3612238222" remote="3612238222" Dst="-1" /><file name="SimplePeople_Redneck_Black.png" server="Macintosh HD/Library/WebServer/Documents/niksgames.com/" local="3612238250" remote="3612238250" Dst="-1" /><file name="SimplePeople_Doctor_Brown.png" server="Macintosh HD/Library/WebServer/Documents/niksgames.com/" local="3612238214" remote="3612238214" Dst="-1" /><file name="SimplePeople_BusinessMan_White.png" server="Macintosh HD/Library/WebServer/Documents/niksgames.com/" local="3612238162" remote="3612238162" Dst="-1" /><file name="SimplePeople_Policeman_Black.png" server="Macintosh HD/Library/WebServer/Documents/niksgames.com/" local="3612238206" remote="3612238206" Dst="-1" /><file name="SimplePeople_RiotCop_Black.png" server="Macintosh HD/Library/WebServer/Documents/niksgames.com/" local="3612238230" remote="3612238230" Dst="-1" /><file name="SimplePeople_BeachBabe_White.png" server="77.68.12.83" local="3612238240" remote="3627809755" Dst="-1" /><file name="SimplePeople_Punk_White.png" server="77.68.12.83" local="3612238230" remote="3627809755" Dst="-1" /><file name="Vehicle_Van_c.png" server="77.68.12.83" local="3525231244" remote="3627809755" Dst="-1" /><file name="SimplePeople_Robber_White.png" server="77.68.12.83" local="3612238192" remote="3627809755" Dst="-1" /><file name="Vehicle_Bus_a.png" server="77.68.12.83" local="3525231384" remote="3627809756" Dst="-1" /><file name="Vehicle_Car01_c.png" server="77.68.12.83" local="3525231254" remote="3627809757" Dst="-1" /><file name="Props_Dumpster.png" server="77.68.12.83" local="3525231380" remote="3627809757" Dst="-1" /><file name="Vehicle_Car01_b.png" server="77.68.12.83" local="3525231270" remote="3627809757" Dst="-1" /><file name="SimplePeople_Hobo_Brown.png" server="77.68.12.83" local="3612238196" remote="3627809757" Dst="-1" /><file name="Vehicle_Van_b.png" server="77.68.12.83" local="3525231362" remote="3627809757" Dst="-1" /><file name="Vehicle_Rubbish_Truck.png" server="77.68.12.83" local="3525231392" remote="3627809757" Dst="-1" /><file name="Vehicle_Fire_Truck.png" server="77.68.12.83" local="3525231376" remote="3627809757" Dst="-1" /><file name="Vehicle_Bus_b.png" server="77.68.12.83" local="3525231290" remote="3627809757" Dst="-1" /><file name="SimplePeople_StreetMan_Black.png" server="77.68.12.83" local="3612238160" remote="3627809757" Dst="-1" /><file name="SimpleTown.png" server="77.68.12.83" local="3561875086" remote="3627809758" Dst="-1" /><file name="Vehicle_Car01_a.png" server="77.68.12.83" local="3525231258" remote="3627809758" Dst="-1" /><file name="Vehicle_Bus_c.png" server="77.68.12.83" local="3525231342" remote="3627809758" Dst="-1" /><file name="SimplePeople_HouseWife_White.png" server="77.68.12.83" local="3612238194" remote="3627809758" Dst="-1" /><file name="SimplePeople_Prostitute_White.png" server="77.68.12.83" local="3612238184" remote="3627809758" Dst="-1" /><file name="Vehicle_Van_a.png" server="77.68.12.83" local="3525231362" remote="3627809758" Dst="-1" /><file name="nx.jpg" server="77.68.12.83" local="3619154147" remote="3627809758" Dst="-1" /><file name="Nature_Trees.png" server="77.68.12.83" local="3525231372" remote="3627809759" Dst="-1" /><file name="House_02.png" server="77.68.12.83" local="3525231300" remote="3627809759" Dst="-1" /><file name="House_03.png" server="77.68.12.83" local="3525231290" remote="3627809759" Dst="-1" /><file name="SimplePeople_Prostitute_Brown.png" server="77.68.12.83" local="3612238186" remote="3627809759" Dst="-1" /><file name="SimplePeople_HouseWife_Brown.png" server="77.68.12.83" local="3612238228" remote="3627809759" Dst="-1" /><file name="ny.jpg" server="77.68.12.83" local="3619154073" remote="3627809760" Dst="-1" /><file name="SimplePeople_Robber_Brown.png" server="77.68.12.83" local="3612238166" remote="3627809760" Dst="-1" /><file name="House_01.png" server="77.68.12.83" local="3525231304" remote="3627809760" Dst="-1" /><file name="SimplePeople_BeachBabe_Brown.png" server="77.68.12.83" local="3612238222" remote="3627809760" Dst="-1" /><file name="SimplePeople_Punk_Brown.png" server="77.68.12.83" local="3612238230" remote="3627809760" Dst="-1" /><file name="SimplePeople_Hobo_White.png" server="77.68.12.83" local="3612238222" remote="3627809760" Dst="-1" /><file name="nz.jpg" server="77.68.12.83" local="3619154189" remote="3627809760" Dst="-1" /><file name="Building03a.png" server="77.68.12.83" local="3525231260" remote="3627809760" Dst="-1" /><file name="SimplePeople_FireFighter_White.png" server="77.68.12.83" local="3612238222" remote="3627809761" Dst="-1" /><file name="Vehicle_Ute_b.png" server="77.68.12.83" local="3525231296" remote="3627809761" Dst="-1" /><file name="Road.png" server="77.68.12.83" local="3525231378" remote="3627809761" Dst="-1" /><file name="SimplePeople_Policeman_Brown.png" server="77.68.12.83" local="3612238198" remote="3627809761" Dst="-1" /><file name="Vehicle_Ute_c.png" server="77.68.12.83" local="3525231376" remote="3627809761" Dst="-1" /><file name="SimplePeople_RiotCop_Brown.png" server="77.68.12.83" local="3612238186" remote="3627809761" Dst="-1" /><file name="pz.jpg" server="77.68.12.83" local="3619154238" remote="3627809761" Dst="-1" /><file name="SimplePeople_Pimp_White.png" server="77.68.12.83" local="3612238188" remote="3627809761" Dst="-1" /><file name="Building03b.png" server="77.68.12.83" local="3525231300" remote="3627809762" Dst="-1" /><file name="Props_Billboard.png" server="77.68.12.83" local="3525231354" remote="3627809762" Dst="-1" /><file name="px.jpg" server="77.68.12.83" local="3619154217" remote="3627809762" Dst="-1" /><file name="SimplePeople_Redneck_Brown.png" server="77.68.12.83" local="3612238206" remote="3627809762" Dst="-1" /><file name="Vehicle_Ute_a.png" server="77.68.12.83" local="3525231262" remote="3627809762" Dst="-1" /><file name="SimplePeople_RoadWorker_Black.png" server="77.68.12.83" local="3612238216" remote="3627809762" Dst="-1" /><file name="SimplePeople_Waitress_White.png" server="77.68.12.83" local="3612238242" remote="3627809762" Dst="-1" /><file name="SimplePeople_Doctor_Black.png" server="77.68.12.83" local="3612238156" remote="3627809762" Dst="-1" /><file name="py.jpg" server="77.68.12.83" local="3619154101" remote="3627809763" Dst="-1" /><file name="SimplePeople_Sheriff_White.png" server="77.68.12.83" local="3612238204" remote="3627809763" Dst="-1" /><file name="Building03c.png" server="77.68.12.83" local="3525231398" remote="3627809763" Dst="-1" /><file name="Building02c.png" server="77.68.12.83" local="3525231284" remote="3627809763" Dst="-1" /><file name="SimplePeople_Redneck_White.png" server="77.68.12.83" local="3612238174" remote="3627809763" Dst="-1" /><file name="SimplePeople_Sheriff_Brown.png" server="77.68.12.83" local="3612238220" remote="3627809763" Dst="-1" /><file name="Road_divider.png" server="77.68.12.83" local="3525231298" remote="3627809763" Dst="-1" /><file name="SimplePeople_Waitress_Brown.png" server="77.68.12.83" local="3612238156" remote="3627809763" Dst="-1" /><file name="Building02b.png" server="77.68.12.83" local="3525231348" remote="3627809763" Dst="-1" /><file name="SimplePeople_BusinessMan_Black.png" server="77.68.12.83" local="3612238214" remote="3627809764" Dst="-1" /><file name="SimplePeople_FireFighter_Brown.png" server="77.68.12.83" local="3612238212" remote="3627809764" Dst="-1" /><file name="SimplePeople_Pimp_Brown.png" server="77.68.12.83" local="3612238224" remote="3627809764" Dst="-1" /><file name="SimplePeople_RiotCop_White.png" server="77.68.12.83" local="3612238196" remote="3627809764" Dst="-1" /><file name="Building02a.png" server="77.68.12.83" local="3525231238" remote="3627809764" Dst="-1" /><file name="SimplePeople_Policeman_White.png" server="77.68.12.83" local="3612238176" remote="3627809764" Dst="-1" /><file name="SimplePeople_Punk_Black.png" server="77.68.12.83" local="3612238224" remote="3627809764" Dst="-1" /><file name="SimplePeople_BeachBabe_Black.png" server="77.68.12.83" local="3612238180" remote="3627809764" Dst="-1" /><file name="SimplePeople_Robber_Black.png" server="77.68.12.83" local="3612238178" remote="3627809764" Dst="-1" /><file name="Building01a.png" server="77.68.12.83" local="3525231238" remote="3627809765" Dst="-1" /><file name="Vehice_Ambulance.png" server="77.68.12.83" local="3525231314" remote="3627809765" Dst="-1" /><file name="Building01c.png" server="77.68.12.83" local="3525231268" remote="3627809765" Dst="-1" /><file name="SimplePeople_StreetMan_White.png" server="77.68.12.83" local="3612238170" remote="3627809765" Dst="-1" /><file name="SimplePeople_HouseWife_Black.png" server="77.68.12.83" local="3612238226" remote="3627809765" Dst="-1" /><file name="SimplePeople_Prostitute_Black.png" server="77.68.12.83" local="3612238220" remote="3627809765" Dst="-1" /><file name="Building01b.png" server="77.68.12.83" local="3525231334" remote="3627809765" Dst="-1" /><file name="SimplePeople_StreetMan_Brown.png" server="77.68.12.83" local="3612238244" remote="3627809765" Dst="-1" /><file name="Vehicle_Police.png" server="77.68.12.83" local="3525231332" remote="3627809765" Dst="-1" /><file name="SimplePeople_Hobo_Black.png" server="77.68.12.83" local="3612238182" remote="3627809766" Dst="-1" /><file name="SimplePeople_FireFighter_Black.png" server="77.68.12.83" local="3612238166" remote="3627809766" Dst="-1" /><file name="SimplePeople_BusinessMan_Brown.png" server="77.68.12.83" local="3612238190" remote="3627809766" Dst="-1" /><file name="SimplePeople_Pimp_Black.png" server="77.68.12.83" local="3612238188" remote="3627809766" Dst="-1" /><file name="SimplePeople_RoadWorker_White.png" server="77.68.12.83" local="3612238158" remote="3627809766" Dst="-1" /><file name="SimplePeople_Doctor_White.png" server="77.68.12.83" local="3612238252" remote="3627809766" Dst="-1" /><file name="SimplePeople_Waitress_Black.png" server="77.68.12.83" local="3612238172" remote="3627809766" Dst="-1" /><file name="SimplePeople_Sheriff_Black.png" server="77.68.12.83" local="3612238212" remote="3627809766" Dst="-1" /><file name="SimplePeople_RoadWorker_Brown.png" server="77.68.12.83" local="3612238222" remote="3627809766" Dst="-1" /><file name="SimplePeople_Redneck_Black.png" server="77.68.12.83" local="3612238250" remote="3627809767" Dst="-1" /><file name="speech.png" server="77.68.12.83" local="3627637322" remote="3627809767" Dst="-1" /><file name="SimplePeople_Doctor_Brown.png" server="77.68.12.83" local="3612238214" remote="3627809767" Dst="-1" /><file name="SimplePeople_BusinessMan_White.png" server="77.68.12.83" local="3612238162" remote="3627809767" Dst="-1" /><file name="Vehicle_Taxi.png" server="77.68.12.83" local="3525231298" remote="3627809767" Dst="-1" /><file name="SimplePeople_Policeman_Black.png" server="77.68.12.83" local="3612238206" remote="3627809767" Dst="-1" /><file name="Props.png" server="77.68.12.83" local="3525231272" remote="3627809768" Dst="-1" /><file name="SimplePeople_RiotCop_Black.png" server="77.68.12.83" local="3612238230" remote="3627809769" Dst="-1" /></dwsync>